{"A":{"10":-0.5580308506,"14":-1.0900105718,"28":2.1058918879,"30":-1.2300731499},"B":{"10":-0.7601874326,"14":0.3668250885,"28":1.9796320272,"30":-0.0491930884},"C":{"10":-0.2984017845,"14":-1.0570035351,"28":-0.8590315924,"30":1.2513366026},"D":{"10":-0.4511395234,"14":-0.6114168218,"28":-0.8414613136,"30":1.1748140841},"E":{"10":-0.7566531236,"14":-0.3041582904,"28":-0.6307884,"30":-1.4049016839}}